netsimile,mean_edge,node_set,node_centrality,group,case,comparison,directed
0.490401904081596,0.0,0.6712185740470886,0.1706060550969046,1,3,Auto vs A,False
0.3409201381797943,0.7891589999198914,0.8125693798065186,0.300511697700087,1,3,Auto vs B,False
0.325001632177159,0.0,0.6815924644470215,0.1424591564406791,1,3,A vs B,False
0.5304871121821256,0.0,0.6712185740470886,0.1706060550969046,1,3,Auto vs A,True
0.3128245730838142,0.7880333662033081,0.8125693798065186,0.300511697700087,1,3,Auto vs B,True
0.3205876021130247,0.0,0.6815924644470215,0.1424591554945739,1,3,A vs B,True
0.64715733124303,0.8086405396461487,0.7903767824172974,0.1097223488703883,1,14,Auto vs A,False
0.3788820500506344,0.0,0.7511753439903259,0.1171381343442896,1,14,Auto vs B,False
0.3677174563811597,0.709522008895874,0.7838836908340454,0.1435107381557194,1,14,A vs B,False
0.5908041625246745,0.8717736005783081,0.7903767824172974,0.1097223471462875,1,14,Auto vs A,True
0.3486206105240074,0.615234375,0.7511753439903259,0.1171381347958398,1,14,Auto vs B,True
0.3398693661352439,0.8644431829452515,0.7838836908340454,0.1435107381557194,1,14,A vs B,True
0.3221685788047711,0.7165645360946655,0.7338039875030518,0.1715085146307599,1,16,Auto vs A,False
0.4327127419173261,0.7304553985595703,0.7811052799224854,0.274937884040679,1,16,Auto vs B,False
0.2990533644566966,0.7411916851997375,0.7017123103141785,0.3161091303752384,1,16,A vs B,False
0.3197823654631286,0.7124508023262024,0.7338039875030518,0.1745495352787177,1,16,Auto vs A,True
0.3714430390544669,0.7432183623313904,0.7811052799224854,0.2863815572688382,1,16,Auto vs B,True
0.3025248492566576,0.7434878349304199,0.7017123103141785,0.3161091303752384,1,16,A vs B,True
0.4834260543471723,0.6980792880058289,0.6718342900276184,0.1322308956364152,1,18,Auto vs A,False
0.3097875709596212,0.863420844078064,0.8024014234542847,0.4580266304304411,1,18,Auto vs B,False
0.3213201983571253,0.7737329006195068,0.7761238813400269,0.355141591688219,1,18,A vs B,False
0.5402719703859529,0.6772205829620361,0.6718342900276184,0.1322309000515721,1,18,Auto vs A,True
0.3116132281353024,0.9002275466918945,0.8024014234542847,0.4580266304304411,1,18,Auto vs B,True
0.3105315399683231,0.820778489112854,0.7761238813400269,0.355141591688219,1,18,A vs B,True
0.3410550495885376,0.6610129475593567,0.7691972255706787,0.1489938631980889,1,26,Auto vs A,False
0.4371315088767387,0.6427158117294312,0.7537112236022949,0.2331646747010539,1,26,Auto vs B,False
0.3250387635003628,0.8547472953796387,0.8153491020202637,0.2617130532049779,1,26,A vs B,False
0.3108516795341641,0.6506053805351257,0.7691972255706787,0.1508748160923799,1,26,Auto vs A,True
0.4231104357961351,0.6530848741531372,0.7537112236022949,0.2392862937436334,1,26,Auto vs B,True
0.2865146148034866,0.8528854250907898,0.8153491020202637,0.2617130532049779,1,26,A vs B,True
0.5206770119077486,0.7999016046524048,0.8697354197502136,0.2555778187738081,1,38,Auto vs A,False
0.7237394417057776,0.669858455657959,0.8698536157608032,0.1611492720690681,1,38,Auto vs B,False
0.5282119644787379,0.9036926031112672,0.910453200340271,0.2897375305410644,1,38,A vs B,False
0.4555371677020839,0.7809982895851135,0.8697354197502136,0.2780126689965248,1,38,Auto vs A,True
0.5217497314301511,0.6856592297554016,0.8698536157608032,0.1596233321305148,1,38,Auto vs B,True
0.5188665544497932,0.9115787744522096,0.910453200340271,0.2996836378151207,1,38,A vs B,True
0.3354538491543971,0.7396451830863953,0.7732779383659363,0.2851097467318541,1,49,Auto vs A,False
0.2752014372745167,0.8210456967353821,0.7826143503189087,0.2223158089309505,1,49,Auto vs B,False
0.3384470810086586,0.748123049736023,0.8786207437515259,0.1909076217675967,1,49,A vs B,False
0.3615385094374242,0.7880599498748779,0.7732779383659363,0.2851097467318541,1,49,Auto vs A,True
0.2685945707833784,0.819909393787384,0.7826143503189087,0.2223158089309505,1,49,Auto vs B,True
0.3257057743428804,0.7570229768753052,0.8786207437515259,0.1909076217675967,1,49,A vs B,True
0.3137482322668925,0.6824719309806824,0.8075485229492188,0.196235407187527,1,54,Auto vs A,False
0.3212286401111498,0.6901381611824036,0.8393846750259399,0.2070579630264504,1,54,Auto vs B,False
0.5531910444258828,0.8014241456985474,0.8172092437744141,0.210725228353118,1,54,A vs B,False
0.3289663324780946,0.698138952255249,0.8075485229492188,0.1987040708164096,1,54,Auto vs A,True
0.3179949891656448,0.7537150382995605,0.8393846750259399,0.2132857284078102,1,54,Auto vs B,True
0.4778025069002787,0.7926703095436096,0.8172092437744141,0.210725228353118,1,54,A vs B,True
0.556619463548568,0.6792103052139282,0.7669090032577515,0.216620331668808,1,63,Auto vs A,False
0.4809753190778955,0.7350879311561584,0.8172091245651245,0.1828365204702852,1,63,Auto vs B,False
0.4213263225445163,0.7473024725914001,0.912616491317749,0.2024076776888808,1,63,A vs B,False
0.5599763658811859,0.6919513940811157,0.7669090032577515,0.2166203316688079,1,63,Auto vs A,True
0.4876794311476679,0.7433674931526184,0.8172091245651245,0.1828365204702852,1,63,Auto vs B,True
0.4005696525698631,0.7625072598457336,0.912616491317749,0.2024076776888808,1,63,A vs B,True
0.3148301422350932,0.7592490911483765,0.810879111289978,0.2933051957054496,1,66,Auto vs A,False
0.3826874354246659,0.7490682601928711,0.8599207401275635,0.2748083447966506,1,66,Auto vs B,False
0.2930486013402547,0.8348709940910339,0.857028603553772,0.4124652490440009,1,66,A vs B,False
0.2647676748464688,0.738133430480957,0.810879111289978,0.2930302486065829,1,66,Auto vs A,True
0.4481668516537881,0.7400131225585938,0.8599207401275635,0.2675975477550859,1,66,Auto vs B,True
0.2666753423617203,0.8327851891517639,0.857028603553772,0.4124652490440009,1,66,A vs B,True
0.5778959487102378,0.8190678954124451,0.8422188758850098,0.2906788659540988,1,74,Auto vs A,False
0.353968570862886,0.7952954173088074,0.8002074956893921,0.1957888487907818,1,74,Auto vs B,False
0.3498811600353176,0.775413990020752,0.8294563293457031,0.1778815458703702,1,74,A vs B,False
0.4330051239877124,0.816065788269043,0.8422188758850098,0.2877102490982299,1,74,Auto vs A,True
0.3148871437059948,0.7727751731872559,0.8002074956893921,0.1891652801535361,1,74,Auto vs B,True
0.3457187535517989,0.7694036364555359,0.8294563293457031,0.1778815458703702,1,74,A vs B,True
0.3588576343372657,0.7661424279212952,0.6824859380722046,0.1736118531302007,1,83,Auto vs A,False
0.5596070069880454,0.740226149559021,0.8148167133331299,0.1873258599297307,1,83,Auto vs B,False
0.3645601246265244,0.6240129470825195,0.7817673683166504,0.1151377693295416,1,83,A vs B,False
0.3211837565380968,0.7721936702728271,0.6824859380722046,0.1841823798670668,1,83,Auto vs A,True
0.4410766690412048,0.7425619959831238,0.8148167133331299,0.1873258599297306,1,83,Auto vs B,True
0.3665662915741701,0.6240129470825195,0.7817673683166504,0.1162714261259898,1,83,A vs B,True
0.3339722655601123,0.0,0.7555646896362305,0.1979032339539455,1,91,Auto vs A,False
0.4864259841831764,0.6498034596443176,0.8135776519775391,0.1869659942562849,1,91,Auto vs B,False
0.3396098643758628,0.7772096991539001,0.8314313292503357,0.265927321768355,1,91,A vs B,False
0.3183000831376523,0.0,0.7555646896362305,0.1941707081790639,1,91,Auto vs A,True
0.4900272686629361,0.7054673433303833,0.8135776519775391,0.1838122185093209,1,91,Auto vs B,True
0.3368087356040862,0.7867420315742493,0.8314313292503357,0.2659273206221122,1,91,A vs B,True
0.4349197335080539,0.7720431685447693,0.8326770663261414,0.2701994358214486,1,96,Auto vs A,False
0.292843512415231,0.8274897933006287,0.8532581925392151,0.2855920046941171,1,96,Auto vs B,False
0.298947400630787,0.7062289118766785,0.878257691860199,0.3038170159349195,1,96,A vs B,False
0.3989836747458494,0.8210955262184143,0.8326770663261414,0.2734455222047721,1,96,Auto vs A,True
0.3036224692057311,0.7671073079109192,0.8532581925392151,0.2846673484526086,1,96,Auto vs B,True
0.3048092193707437,0.6765211820602417,0.878257691860199,0.3038170159349195,1,96,A vs B,True
0.5771426328232188,0.8391746878623962,0.7668217420578003,0.2210317882199689,1,98,Auto vs A,False
0.347868907409872,0.7662143707275391,0.8198266625404358,0.2105416226120776,1,98,Auto vs B,False
0.3318158286713482,0.8014453053474426,0.8503453731536865,0.3053978360025522,1,98,A vs B,False
0.5196666794494174,0.8135592341423035,0.7668217420578003,0.229670372755205,1,98,Auto vs A,True
0.3258516635756613,0.778925359249115,0.8198266625404358,0.222977442997083,1,98,Auto vs B,True
0.312313412849142,0.774659276008606,0.8503453731536865,0.3053978360025522,1,98,A vs B,True
0.4935602370241456,0.7736916542053223,0.8808627128601074,0.2178987251962056,1,106,Auto vs A,False
0.3166250588577292,0.7910380959510803,0.8047643899917603,0.2617201206465128,1,106,Auto vs B,False
0.362568331523968,0.7657890319824219,0.7835056781768799,0.2255430876465375,1,106,A vs B,False
0.554456993077043,0.7607067823410034,0.8808627128601074,0.2353544131247772,1,106,Auto vs A,True
0.2994038304775802,0.8497986793518066,0.8047643899917603,0.2820228242255494,1,106,Auto vs B,True
0.3162116343710937,0.7680636644363403,0.7835056781768799,0.2255430969785745,1,106,A vs B,True
0.5493268669370841,0.6834093332290649,0.7192080616950989,0.1539331013432078,1,122,Auto vs A,False
0.3929442753511784,0.6812222003936768,0.7839058637619019,0.1926872269912619,1,122,Auto vs B,False
0.3648860401335969,0.7374400496482849,0.8211528062820435,0.1943540492104136,1,122,A vs B,False
0.4946546787908228,0.6998932957649231,0.7192080616950989,0.1539331013432078,1,122,Auto vs A,True
0.3872657781407511,0.6904242038726807,0.7839058637619019,0.1926872269912619,1,122,Auto vs B,True
0.3583701174059204,0.7394696474075317,0.8211528062820435,0.1943540492104136,1,122,A vs B,True
0.4527505835980759,0.7484534978866577,0.8479598164558411,0.1621554891297358,1,145,Auto vs A,False
0.3736931616385618,0.7429677248001099,0.8125981688499451,0.0900732459764911,1,145,Auto vs B,False
0.5920431305341894,0.8239066004753113,0.886794924736023,0.1052786230299047,1,145,A vs B,False
0.411771589471272,0.7578995823860168,0.8479598164558411,0.1634365399972587,1,145,Auto vs A,True
0.3582983487005663,0.7549772262573242,0.8125981688499451,0.0882809878474642,1,145,Auto vs B,True
0.5707974103784721,0.8206488490104675,0.886794924736023,0.1052786233610415,1,145,A vs B,True
0.3201130741211512,0.7247389554977417,0.7012904286384583,0.1895957625884346,1,151,Auto vs A,False
0.5398718192634319,0.8220201134681702,0.7519019842147827,0.1742774961764098,1,151,Auto vs B,False
0.3354185406256888,0.8815887570381165,0.7763427495956421,0.2273296496795312,1,151,A vs B,False
0.2764412465755496,0.7298165559768677,0.7012904286384583,0.1895957625884346,1,151,Auto vs A,True
0.4789303738193422,0.7808351516723633,0.7519019842147827,0.1742774958038808,1,151,Auto vs B,True
0.2937290349934711,0.872440755367279,0.7763427495956421,0.2273296505310257,1,151,A vs B,True
0.5289146451340461,0.7897789478302002,0.8127665519714355,0.281568800987203,1,163,Auto vs A,False
0.3742820155916622,0.7594431042671204,0.8311964273452759,0.1796849968141076,1,163,Auto vs B,False
0.4431066218328395,0.789967954158783,0.8358532190322876,0.243532503053565,1,163,A vs B,False
0.4198403095751256,0.8047407865524292,0.8127665519714355,0.2887842097626037,1,163,Auto vs A,True
0.3461929337036883,0.7623477578163147,0.8311964273452759,0.1852583543043851,1,163,Auto vs B,True
0.4261339670454226,0.8003135323524475,0.8358532190322876,0.2435324876005131,1,163,A vs B,True
0.5432877435110178,0.7859736680984497,0.8366587162017822,0.1278621681782361,1,176,Auto vs A,False
0.4293218508633055,0.7529395818710327,0.906368851661682,0.1223925551248316,1,176,Auto vs B,False
0.5411821472947643,0.7522275447845459,0.8899005055427551,0.108473345822569,1,176,A vs B,False
0.4450737624562786,0.7863572239875793,0.8366587162017822,0.1275336140023996,1,176,Auto vs A,True
0.3922514143099433,0.766313374042511,0.906368851661682,0.1244053594063687,1,176,Auto vs B,True
0.4960084853424157,0.7496067881584167,0.8899005055427551,0.108473345822569,1,176,A vs B,True
0.4431888204886002,0.0,0.5959296226501465,0.1556055144859406,1,190,Auto vs A,False
0.4677470850499564,0.7158895134925842,0.7685160636901855,0.2527140962825705,1,190,Auto vs B,False
0.5620633578429726,0.6640768051147461,0.4598913490772247,0.1546253769333706,1,190,A vs B,False
0.4089121715809369,0.0,0.5959296226501465,0.1566898727081423,1,190,Auto vs A,True
0.4563955020247889,0.7012222409248352,0.7685160636901855,0.2529334445072299,1,190,Auto vs B,True
0.565333381066562,0.0,0.4598913490772247,0.1546253769333706,1,190,A vs B,True
0.3780269130541224,0.6274269819259644,0.8072607517242432,0.1546064753417071,1,195,Auto vs B,False
0.3698177674980786,0.6658535003662109,0.8072607517242432,0.158898451555546,1,195,Auto vs B,True
0.5054179255644434,0.7526625394821167,0.7754758596420288,0.1697907460580371,2,4,Auto vs A,False
0.543879366545425,0.8956079483032227,0.7322328686714172,0.103786956459971,2,4,Auto vs B,False
0.709651627534034,0.842383086681366,0.8618883490562439,0.2151551266624968,2,4,A vs B,False
0.4245827527875827,0.7564588189125061,0.7754758596420288,0.1678986777831259,2,4,Auto vs A,True
0.5220728171428033,0.893171489238739,0.7322328686714172,0.1015044383263306,2,4,Auto vs B,True
0.5586572976693822,0.886771023273468,0.8618883490562439,0.2151551266624968,2,4,A vs B,True
0.3111225543895776,0.7039912343025208,0.7752932906150818,0.2274335678229443,2,15,Auto vs A,False
0.3076935689675849,0.6459581255912781,0.7571603059768677,0.2036712747534033,2,15,Auto vs B,False
0.7105080409151575,0.7969338297843933,0.8175048828125,0.2776088875779654,2,15,A vs B,False
0.2975609271279908,0.7190777659416199,0.7752932906150818,0.2273388823505366,2,15,Auto vs A,True
0.3031873837264342,0.6615483164787292,0.7571603059768677,0.2038041481685546,2,15,Auto vs B,True
0.4732807592262125,0.8039522171020508,0.8175048828125,0.2776088677097571,2,15,A vs B,True
0.3236299983507126,0.7104926109313965,0.697114109992981,0.1402023714584455,2,17,Auto vs A,False
0.3167839841341917,0.7535716891288757,0.8648507595062256,0.237920328729742,2,17,Auto vs B,False
0.6578080243110873,0.747985303401947,0.7470564842224121,0.1613468716858387,2,17,A vs B,False
0.3322905203065394,0.7683378458023071,0.697114109992981,0.1648931819189004,2,17,Auto vs A,True
0.3328012778911065,0.7881825566291809,0.8648507595062256,0.2476610711518151,2,17,Auto vs B,True
0.7019496093259548,0.7705179452896118,0.7470564842224121,0.1565546717409064,2,17,A vs B,True
0.4726790964333241,0.6811943054199219,0.7156968116760254,0.1731079057684079,2,21,Auto vs A,False
0.3293142132400434,0.815759539604187,0.7802644371986389,0.2104828394933967,2,21,Auto vs B,False
0.3281278858549794,0.7175727486610413,0.8788975477218628,0.1765626050960936,2,21,A vs B,False
0.4353173888303558,0.7067872285842896,0.7156968116760254,0.1711720525855483,2,21,Auto vs A,True
0.3555175933868194,0.8226529359817505,0.7802644371986389,0.2248605382360577,2,21,Auto vs B,True
0.3208366045691298,0.737389087677002,0.8788975477218628,0.1765626050960936,2,21,A vs B,True
0.5772193703258479,0.8027579188346863,0.6732339859008789,0.1561034866160944,2,35,Auto vs A,False
0.4943699956958133,0.7468940019607544,0.6411815881729126,0.1395079057156937,2,35,Auto vs B,False
0.3913580502999283,0.8620909452438354,0.8343203663825989,0.1887940312776807,2,35,A vs B,False
0.5968826428820717,0.7762124538421631,0.6732339859008789,0.1578022126702225,2,35,Auto vs A,True
0.4957045167620171,0.7125074863433838,0.6411815881729126,0.1369442085254659,2,35,Auto vs B,True
0.5404645690467087,0.8544890284538269,0.8343203663825989,0.1915973353824641,2,35,A vs B,True
0.460478360995504,0.0,0.5318182110786438,0.0730019849403865,2,43,Auto vs A,False
0.3695715619018583,0.6275570392608643,0.5953162908554077,0.1131036815005152,2,43,Auto vs B,False
0.597401252107737,0.8545010685920715,0.9260157346725464,0.2277814982428416,2,43,A vs B,False
0.5121814038704423,0.6109107732772827,0.5318182110786438,0.0730019849403866,2,43,Auto vs A,True
0.3979054218739216,0.6264775395393372,0.5953162908554077,0.1131036786955917,2,43,Auto vs B,True
0.5400519531746915,0.8039108514785767,0.9260157346725464,0.2277814969280337,2,43,A vs B,True
0.3302676447839854,0.6405002474784851,0.6906684041023254,0.1268499110132585,2,51,Auto vs A,False
0.3413466093327118,0.7269357442855835,0.7164961099624634,0.118738491909696,2,51,Auto vs B,False
0.4286827581369671,0.8751281499862671,0.9204209446907043,0.261560737412233,2,51,A vs B,False
0.3048035850760348,0.6418530344963074,0.6906684041023254,0.1349003674736998,2,51,Auto vs A,True
0.3052511764726603,0.6968279480934143,0.7164961099624634,0.1151233239140226,2,51,Auto vs B,True
0.4784348328390272,0.8620113730430603,0.9204209446907043,0.275478292498385,2,51,A vs B,True
0.5536084986798727,0.6596438884735107,0.7189226746559143,0.1641039924456482,2,59,Auto vs A,False
0.6083403652464672,0.8556387424468994,0.8142287731170654,0.2310334135698801,2,59,Auto vs B,False
0.6293697098692431,0.8041508793830872,0.9043558835983276,0.1734747668236751,2,59,A vs B,False
0.4917406028566447,0.6943504810333252,0.7189226746559143,0.1641039924456482,2,59,Auto vs A,True
0.5398706438833424,0.849627673625946,0.8142287731170654,0.2310334135698801,2,59,Auto vs B,True
0.5334796951517002,0.8026777505874634,0.9043558835983276,0.1734747680302465,2,59,A vs B,True
0.3299199049261458,0.7241264581680298,0.683247983455658,0.1431421124047545,2,64,Auto vs A,False
0.4022076072651748,0.6333796977996826,0.6670526266098022,0.1873587529760887,2,64,Auto vs B,False
0.3865359444591378,0.8288205862045288,0.9136880040168762,0.2800552492008127,2,64,A vs B,False
0.3410000119961938,0.7505518198013306,0.683247983455658,0.1431421134207423,2,64,Auto vs A,True
0.4145791051693203,0.6333796977996826,0.6670526266098022,0.1873587529760887,2,64,Auto vs B,True
0.3837546392126442,0.8333190679550171,0.9136880040168762,0.2800552479590497,2,64,A vs B,True
0.7767014197352703,0.7319836020469666,0.8960317373275757,0.1469908305304809,2,71,Auto vs A,False
0.5829347563236278,0.7618738412857056,0.8602914214134216,0.2269028503908624,2,71,Auto vs B,False
0.6298454467862264,0.8357325792312622,0.9541203379631042,0.2665833890315346,2,71,A vs B,False
0.6007639617109131,0.7507777214050293,0.8960317373275757,0.1469908305304809,2,71,Auto vs A,True
0.5831148508297228,0.7587196826934814,0.8602914214134216,0.2269028503908624,2,71,Auto vs B,True
0.649948364349822,0.855750560760498,0.9541203379631042,0.2665833894572819,2,71,A vs B,True
0.3856325768437791,0.7490242719650269,0.8505996465682983,0.1295812958426596,2,81,Auto vs A,False
0.3012642348708482,0.7739882469177246,0.876160740852356,0.1299344540730767,2,81,Auto vs B,False
0.3729492877367508,0.8342588543891907,0.9182649850845336,0.2216790093311677,2,81,A vs B,False
0.3706631570174917,0.7749539613723755,0.8505996465682983,0.1295812939110283,2,81,Auto vs A,True
0.3024780088900458,0.7630817890167236,0.876160740852356,0.1299344552320555,2,81,Auto vs B,True
0.3939530425689342,0.8498719334602356,0.9182649850845336,0.2216790085287977,2,81,A vs B,True
0.3529325185007645,0.7593435645103455,0.8454552888870239,0.1542003870128737,2,90,Auto vs A,False
0.5570030364592587,0.7106547355651855,0.8503339290618896,0.1673036415492719,2,90,Auto vs B,False
0.3428748117405818,0.8122280836105347,0.8949844241142273,0.2527029213287595,2,90,A vs B,False
0.3558540173722719,0.7549890875816345,0.8454552888870239,0.1574412204879435,2,90,Auto vs A,True
0.4588476987098698,0.702509343624115,0.8503339290618896,0.1568295200615639,2,90,Auto vs B,True
0.3335199611156334,0.8150913119316101,0.8949844241142273,0.2527029213287594,2,90,A vs B,True
0.5680357541837967,0.7035228610038757,0.7816238403320312,0.167311283228989,2,93,Auto vs A,False
0.3710462961691688,0.7148697972297668,0.6588575839996338,0.3141800113780947,2,93,Auto vs B,False
0.3396860014027179,0.7560769319534302,0.8585317730903625,0.3048106512838264,2,93,A vs B,False
0.586148032231079,0.7214298248291016,0.7816238403320312,0.1673112840804836,2,93,Auto vs A,True
0.3633510353617809,0.6762135624885559,0.6588575839996338,0.3141800113780948,2,93,Auto vs B,True
0.344145658290624,0.748853325843811,0.8585317730903625,0.3048106512838264,2,93,A vs B,True
0.3313374963730058,0.7889019250869751,0.7090968489646912,0.2909007954780874,2,97,Auto vs A,False
0.291477810865886,0.8044640421867371,0.673269510269165,0.2268988732152898,2,97,Auto vs B,False
0.4438306529100994,0.9012684226036072,0.903640866279602,0.2999999151225102,2,97,A vs B,False
0.323901248265204,0.7902024984359741,0.7090968489646912,0.2909007954780874,2,97,Auto vs A,True
0.2825241236928604,0.8026747107505798,0.673269510269165,0.2268988771889314,2,97,Auto vs B,True
0.4363423883086836,0.8763079643249512,0.903640866279602,0.2849999276681619,2,97,A vs B,True
0.4617359149688749,0.7538852691650391,0.8250418305397034,0.1138209358943207,2,101,Auto vs A,False
0.355883801306922,0.6658623814582825,0.7549325227737427,0.0877127000596741,2,101,Auto vs B,False
0.3777092996761348,0.6193293333053589,0.78861403465271,0.0917431604171552,2,101,A vs B,False
0.2855589917750753,0.7571550607681274,0.8250418305397034,0.1149301487438587,2,101,Auto vs A,True
0.3465543640239979,0.663188099861145,0.7549325227737427,0.0871082369220866,2,101,Auto vs B,True
0.2769701546915616,0.621002197265625,0.78861403465271,0.0917431604171552,2,101,A vs B,True
0.3636513343031164,0.6583670973777771,0.6235988140106201,0.1560368237394909,2,116,Auto vs A,False
0.3371745227554454,0.0,0.6080455183982849,0.1195670617587265,2,116,Auto vs B,False
0.5915341817398034,0.8010064959526062,0.8906195163726807,0.2027452889480144,2,116,A vs B,False
0.3487414639726059,0.6854996085166931,0.6235988140106201,0.1514937321204025,2,116,Auto vs A,True
0.3513448743879546,0.6391874551773071,0.6080455183982849,0.1162705811851605,2,116,Auto vs B,True
0.5964662999124283,0.8313060402870178,0.8906195163726807,0.2027452871297186,2,116,A vs B,True
0.3174297764832103,0.6508337259292603,0.6569686532020569,0.1728203450599667,2,135,Auto vs A,False
0.3039200530133414,0.7384614944458008,0.6425626277923584,0.141818286763383,2,135,Auto vs B,False
0.5819272353974365,0.7082347869873047,0.7912425994873047,0.1742784361545975,2,135,A vs B,False
0.3019440178823956,0.6509876251220703,0.6569686532020569,0.1728203450599667,2,135,Auto vs A,True
0.2998074404512751,0.7378897666931152,0.6425626277923584,0.141818286763383,2,135,Auto vs B,True
0.5099900630137364,0.6747329235076904,0.7912425994873047,0.1742784361545974,2,135,A vs B,True
0.3658030849717629,0.6476333141326904,0.6149613857269287,0.1014527025415216,2,148,Auto vs A,False
0.3542291869951692,0.7045158743858337,0.6772627830505371,0.1011795988001174,2,148,Auto vs B,False
0.6838848202180001,0.750392496585846,0.769697904586792,0.1409163635607236,2,148,A vs B,False
0.3443963891578653,0.6582200527191162,0.6149613857269287,0.1014527025415216,2,148,Auto vs A,True
0.3061987953924274,0.6978621482849121,0.6772627830505371,0.1011795988001174,2,148,Auto vs B,True
0.433613880565229,0.7315813899040222,0.769697904586792,0.1372123352792658,2,148,A vs B,True
0.2771555785628754,0.6463895440101624,0.77646803855896,0.105184857114247,2,161,Auto vs A,False
0.2699328641248388,0.7454254031181335,0.7755134105682373,0.1588801280539403,2,161,Auto vs B,False
0.6769126023462002,0.7933659553527832,0.8630845546722412,0.1729534432962648,2,161,A vs B,False
0.276966919990334,0.743355393409729,0.77646803855896,0.1083668664222047,2,161,Auto vs A,True
0.2914101003489451,0.706018328666687,0.7755134105682373,0.1555644033894806,2,161,Auto vs B,True
0.5492384402326792,0.7917144894599915,0.8630845546722412,0.1729534432962649,2,161,A vs B,True
0.8128340628825771,0.0,0.6985059976577759,0.1377924075979367,2,175,Auto vs A,False
0.3270837700431496,0.0,0.6985059976577759,0.1369746820077091,2,175,Auto vs A,True
0.3289854578892338,0.7677048444747925,0.838801383972168,0.1458810764057392,2,179,Auto vs A,False
0.3314704603848564,0.7731128334999084,0.8269364237785339,0.1992207452580157,2,179,Auto vs B,False
0.5515523897832647,0.8050573468208313,0.8338871002197266,0.1798104132791509,2,179,A vs B,False
0.3237908702791711,0.78687584400177,0.838801383972168,0.1481277169382953,2,179,Auto vs A,True
0.3224789656389904,0.7586574554443359,0.8269364237785339,0.1992464733518705,2,179,Auto vs B,True
0.5124698274122002,0.8072644472122192,0.8338871002197266,0.1798104107782579,2,179,A vs B,True
0.3027853588192618,0.6991337537765503,0.85933518409729,0.1860577109246391,2,194,Auto vs A,False
0.2912082145989223,0.6691873669624329,0.8349038362503052,0.158060959723247,2,194,Auto vs B,False
0.5672226501804774,0.7939662337303162,0.8744873404502869,0.183977470510464,2,194,A vs B,False
0.2881655976342202,0.6925914287567139,0.85933518409729,0.1918356830366531,2,194,Auto vs A,True
0.2913029039574519,0.6857765913009644,0.8349038362503052,0.1521494586737089,2,194,Auto vs B,True
0.4849306428721139,0.7833467721939087,0.8744873404502869,0.1839774705104641,2,194,A vs B,True
0.3406775171609793,0.7894092798233032,0.749215841293335,0.1841606647653308,2,204,Auto vs A,False
0.3456076530714834,0.7883954048156738,0.8225926160812378,0.2077930771324272,2,204,Auto vs B,False
0.6443919008350225,0.9017058610916138,0.8899610042572021,0.2512787254745074,2,204,A vs B,False
0.3402497327663065,0.8273887038230896,0.749215841293335,0.2411361749590599,2,204,Auto vs A,True
0.3128458863211159,0.7989560961723328,0.8225926160812378,0.2251167613390311,2,204,Auto vs B,True
0.5305498184974461,0.8994275331497192,0.8899610042572021,0.2480616825658483,2,204,A vs B,True
