decoding,group,comparison,n,netsimile_mean,netsimile_sd,mean_edge_mean,mean_edge_sd,node_set_mean,node_set_sd,node_centrality_mean,node_centrality_sd
undirected,1,A vs B,22,0.3935654080362916,0.0969437863734682,0.7369961250912059,0.1772142043929808,0.8072404116392136,0.0982964061398632,0.2251125046155057,0.0828201876061171
undirected,1,Auto vs A,22,0.4517939910423099,0.1056085139948398,0.6476022574034604,0.267815704238673,0.7699647762558677,0.0734950063264474,0.2009979507494832,0.0570846865094369
undirected,1,Auto vs B,23,0.408543149787273,0.1021145441724824,0.7114315680835558,0.1673651229688919,0.8103541032127712,0.0386828042137029,0.2141877162672539,0.0766482812867339
undirected,2,A vs B,22,0.529262026101863,0.1362050776607194,0.8019177263433283,0.0666553412794638,0.8652402108365839,0.0551773060671517,0.213900861896287,0.0553842366236548
undirected,2,Auto vs A,23,0.4282626611359967,0.1468023300581028,0.6531087937562362,0.2120360534700104,0.7385728618373042,0.0903576539667142,0.1550403562897504,0.0440257761771135
undirected,2,Auto vs B,22,0.382120916512229,0.1034867647052867,0.7069142704660242,0.1721880008289018,0.7468384856527502,0.0901189209453449,0.1720480015120233,0.0572247415523386
undirected,TOTAL,A vs B,44,0.4614137170690772,0.1355005906222004,0.7694569257172671,0.136327831736303,0.8362403112378988,0.0840604480229127,0.2195066832558964,0.0698572048902789
undirected,TOTAL,Auto vs A,45,0.439766866867972,0.127436523076808,0.6504167093171014,0.2381593989202334,0.7539200199974908,0.0831389612279529,0.1775085135811754,0.0553548889217526
undirected,TOTAL,Auto vs B,45,0.3956256135194737,0.1024863867177947,0.7092231114705404,0.167813219397644,0.7793020235167609,0.075201613876443,0.1935860779424745,0.0703860418804783
directed,1,A vs B,22,0.3746567384752078,0.0928175039156573,0.7145473523573442,0.2398043735074817,0.8072404116392136,0.0982964061398632,0.2256161299354953,0.0831446445469193
directed,1,Auto vs A,22,0.4211487913555027,0.100039326622426,0.6532573103904724,0.2710638827351496,0.7699647762558677,0.0734950063264474,0.2042712484598729,0.058800469045106
directed,1,Auto vs B,23,0.3815573314626359,0.0730882263849324,0.7470031354738318,0.0634761345924395,0.8103541032127712,0.0386828042137029,0.2162485020138022,0.0775276622810572
directed,2,A vs B,22,0.4810476591839338,0.1079153640176848,0.8018767833709717,0.0683630128481449,0.8652402108365839,0.0551773060671517,0.2134466607457197,0.0553308233822069
directed,2,Auto vs A,23,0.3830690437318235,0.1037855035471603,0.6964768274970676,0.1610824897493096,0.7385728618373042,0.0903576539667142,0.1592876931263698,0.0467865309076487
directed,2,Auto vs B,22,0.3717794992870393,0.0910486591209187,0.7306868488138373,0.0729650662445829,0.7468384856527502,0.0901189209453449,0.1724815040109161,0.059704883435967
directed,TOTAL,A vs B,44,0.4278521988295707,0.1130945703680965,0.758212067864158,0.1797713758284311,0.8362403112378988,0.0840604480229127,0.2195313953406075,0.0700654555060609
directed,TOTAL,Auto vs A,45,0.4016858092367333,0.1026292843809674,0.67534728580051,0.2202704176698372,0.7539200199974908,0.0831389612279529,0.181279653511638,0.0571119928165293
directed,TOTAL,Auto vs B,45,0.3767770579545664,0.0815591831481354,0.7390262842178345,0.0679970355177842,0.7793020235167609,0.075201613876443,0.194851302990169,0.0720841171007389
